Campanha_ID,Nome da Campanha,Canal,Investimento,Vendas Geradas,Data de Início,Data de Fim
1,Drop Campaign,Rádio,294.02,5377,2014-10-19,2014-10-22
2,Daughter Theory,Telegram,873.55,1227,2017-09-10,2017-10-03
3,Bank Central,Outros,500.66,7432,2014-05-23,2014-06-08
4,Recently Popular,Influenciadores,767.2,5794,2018-08-16,2018-08-21
5,Week Traditional,Google Ads,850.82,8687,2015-11-27,2015-12-18
6,Effect Station,Telegram,322.06,1086,2021-02-14,2021-02-15
7,Note Understand,SMS,440.65,8488,2023-03-21,2023-04-08
8,Fear Remain,Telegram,774.2,2597,2018-06-17,2018-07-08
9,Yet Series,Telegram,542.65,4079,2022-06-17,2022-06-25
10,Prevent Piece,Email Marketing,548.28,8886,2024-12-07,2024-12-22
11,International Bed,Outros,924.58,2015,2017-03-22,2017-04-04
12,Product Source,Google Ads,586.55,1413,2016-07-05,2016-07-15
13,Camera At,Influenciadores,322.56,3347,2024-06-01,2024-06-11
14,Water Political,Outros,690.89,2739,2022-08-06,2022-08-24
15,Nearly Somebody,LinkedIn,707.35,4428,2016-08-04,2016-09-01
16,Structure Certain,Redes Sociais,213.28,4278,2020-05-17,2020-06-14
17,Receive Finish,Outros,439.38,3049,2021-11-18,2021-12-02
18,Positive Summer,Redes Sociais,642.71,6897,2016-06-10,2016-06-27
19,Rich Eat,TV,206.15,2899,2019-02-18,2019-03-19
20,Community Material,Rádio,912.37,4380,2021-04-18,2021-04-25
21,Continue Move,Rádio,932.45,7756,2018-12-05,2018-12-14
22,President My,Google Ads,671.57,1510,2024-01-15,2024-01-29
23,Certain Though,SMS,789.84,6070,2016-10-05,2016-10-21
24,Establish Those,Email Marketing,409.45,8583,2017-03-26,2017-04-05
25,Perhaps Clearly,TV,358.75,7641,2017-06-11,2017-06-12
26,Medical Many,TV,600.64,3251,2019-10-05,2019-10-18
27,By Section,Outros,678.51,7541,2017-12-14,2017-12-29
28,Stage Sometimes,Google Ads,878.99,1694,2019-03-06,2019-03-15
29,Send Important,WhatsApp,866.84,1830,2022-12-10,2023-01-06
30,Choice Into,SMS,203.9,9149,2017-04-17,2017-04-25
31,Which Well,Influenciadores,996.94,8152,2024-06-04,2024-06-17
32,Summer Career,LinkedIn,270.81,8017,2019-09-20,2019-10-12
33,Similar Thank,WhatsApp,785.66,8416,2022-01-22,2022-01-30
34,Food West,TV,865.81,2346,2022-08-18,2022-09-12
35,Respond Design,Influenciadores,538.38,4630,2024-12-31,2025-01-25
36,Including Even,WhatsApp,361.12,3646,2014-09-18,2014-10-08
37,Else Life,Rádio,291.61,6776,2020-09-16,2020-10-03
38,Home Get,Telegram,997.12,3887,2020-11-07,2020-12-07
39,Fire Key,LinkedIn,513.01,7071,2021-12-04,2022-01-01
40,Early Generation,Telegram,881.03,7416,2015-04-20,2015-05-10
41,Approach Per,Telegram,694.61,3968,2018-04-16,2018-05-15
42,Say Already,Google Ads,713.09,1125,2021-07-11,2021-07-26
43,Crime Scene,Email Marketing,645.44,5316,2022-06-05,2022-06-23
44,College Concern,SMS,729.5,2445,2023-04-04,2023-04-16
45,Reflect Professional,Outros,859.11,2995,2019-05-06,2019-05-18
46,Recently Fall,SMS,902.25,9614,2023-11-18,2023-12-17
47,Decide Wide,TV,519.51,5495,2020-10-02,2020-10-16
48,Peace Report,TV,770.45,8436,2018-02-16,2018-03-09
49,Game Team,SMS,796.2,4557,2015-02-25,2015-03-14
50,Should Nation,LinkedIn,435.08,4038,2022-05-19,2022-06-12
51,Just Official,Influenciadores,583.94,3539,2017-12-14,2017-12-21
52,Beyond Mrs,LinkedIn,233.11,2547,2019-07-02,2019-07-27
53,Need Right,Email Marketing,374.79,9836,2020-04-30,2020-05-18
54,Care My,Influenciadores,295.54,6443,2019-08-14,2019-08-17
55,Father Former,Influenciadores,756.14,4249,2024-07-01,2024-07-31
56,Shoulder Other,Redes Sociais,469.26,3213,2023-02-22,2023-03-12
57,Wonder Keep,Google Ads,237.11,2092,2019-12-07,2019-12-18
58,Little Blue,SMS,285.87,9315,2021-09-12,2021-09-20
59,Sit Hot,Redes Sociais,274.05,9180,2024-12-01,2024-12-27
60,Necessary Card,Influenciadores,977.31,1833,2024-11-20,2024-11-22
61,Race Money,Email Marketing,232.37,8772,2021-11-30,2021-12-20
62,Authority Provide,Redes Sociais,204.69,7006,2017-08-10,2017-08-14
63,Machine Again,Google Ads,306.01,1500,2019-03-03,2019-03-09
64,Style Answer,Outros,310.89,9554,2023-06-01,2023-07-01
65,Budget Executive,Outros,567.15,7921,2018-05-15,2018-05-31
66,Live Others,Email Marketing,829.41,5178,2014-12-23,2015-01-14
67,Read Expect,TV,594.74,8126,2023-03-11,2023-03-17
68,Know Since,SMS,220.64,2892,2023-12-25,2024-01-08
69,Know Section,Email Marketing,829.26,6922,2014-10-19,2014-11-05
70,Face Defense,TV,738.34,5693,2020-11-25,2020-12-21
71,Whatever Respond,Rádio,880.01,9476,2022-01-22,2022-02-18
72,Evidence Here,Google Ads,673.22,4114,2022-08-31,2022-09-24
73,Behavior Too,Google Ads,327.98,3561,2019-04-17,2019-04-30
74,Anyone Degree,Rádio,549.78,8698,2014-07-11,2014-07-30
75,Certain Work,WhatsApp,714.23,9460,2022-10-05,2022-10-31
76,Bring Little,Redes Sociais,260.97,7973,2015-12-05,2015-12-10
77,Receive Evening,Telegram,231.82,7076,2022-01-01,2022-01-08
78,Prove Third,TV,917.28,5042,2019-07-14,2019-08-03
79,Sing Few,TV,578.66,7507,2022-04-22,2022-04-27
80,Picture Author,Influenciadores,759.53,3669,2014-12-17,2014-12-21
81,Help Against,Outros,646.92,9331,2018-04-26,2018-05-01
82,Mouth Store,Google Ads,283.55,6916,2020-07-23,2020-08-12
83,Democrat Opportunity,SMS,951.43,2363,2019-06-17,2019-06-22
84,Mr Me,TV,556.74,5614,2014-08-23,2014-09-09
85,Rule Else,Redes Sociais,247.62,2252,2021-11-07,2021-12-03
86,Follow One,TV,743.95,1557,2021-03-29,2021-03-31
87,Remember Baby,LinkedIn,301.69,1861,2017-07-06,2017-08-03
88,Agreement American,Google Ads,776.93,6741,2020-11-09,2020-11-26
89,Another If,SMS,216.91,7261,2018-03-31,2018-04-13
90,Hair Try,Email Marketing,803.2,1142,2018-09-29,2018-10-20
91,System Within,Redes Sociais,521.35,4742,2024-10-09,2024-10-20
92,Leave Bed,WhatsApp,535.29,7048,2019-09-10,2019-10-01
93,Hold Far,WhatsApp,459.93,6033,2023-07-26,2023-08-12
94,Act Room,Rádio,803.96,2724,2023-04-18,2023-05-10
95,World Local,Redes Sociais,414.26,8337,2016-04-08,2016-04-23
96,Father Money,Google Ads,563.91,7387,2015-08-27,2015-09-09
97,How Important,WhatsApp,814.41,8944,2015-05-13,2015-05-25
98,Actually Quickly,Influenciadores,598.4,4743,2017-04-09,2017-05-02
99,Pretty Be,Email Marketing,642.46,3249,2024-05-05,2024-06-01
100,Drug Few,LinkedIn,223.17,6086,2021-11-04,2021-11-06
101,Policy Leave,LinkedIn,825.79,9775,2015-11-29,2015-12-05
102,Party Later,SMS,537.65,9226,2023-05-08,2023-05-20
103,Section Near,WhatsApp,414.01,9070,2014-12-02,2014-12-16
104,Type Nothing,Influenciadores,519.42,7222,2014-11-16,2014-11-23
105,Not Program,Email Marketing,498.38,5933,2018-09-12,2018-10-02
106,Eye Natural,Google Ads,466.55,6022,2023-08-20,2023-09-02
107,Cold Finally,WhatsApp,909.28,6399,2017-02-20,2017-03-21
108,Organization While,LinkedIn,368.87,4328,2019-08-11,2019-09-02
109,Above Join,LinkedIn,319.96,9840,2021-07-31,2021-08-08
110,Address Law,Email Marketing,972.17,5591,2024-06-28,2024-07-10
111,Compare Environmental,Outros,601.76,6972,2016-02-03,2016-02-17
112,Pretty How,LinkedIn,559.61,5329,2015-06-02,2015-06-27
113,North Property,Google Ads,790.09,8581,2023-06-09,2023-07-01
114,Yard Avoid,LinkedIn,444.15,2389,2018-02-14,2018-02-22
115,Activity Range,Influenciadores,349.07,2898,2022-09-16,2022-10-15
116,Long Occur,Influenciadores,632.73,1349,2014-08-22,2014-08-30
117,End Firm,Influenciadores,888.25,1037,2017-01-16,2017-02-02
118,Increase Economy,Google Ads,591.93,6862,2019-04-23,2019-05-22
119,Bag Person,SMS,417.17,9745,2024-09-21,2024-10-09
120,Beat Cut,Email Marketing,766.66,8731,2024-06-03,2024-06-24
121,Already Argue,SMS,291.61,5793,2017-01-06,2017-02-04
122,Effort Give,LinkedIn,501.58,3968,2021-01-21,2021-02-03
123,Eye Score,Rádio,348.87,9660,2016-12-21,2017-01-12
124,Good Likely,Email Marketing,707.44,2065,2015-01-22,2015-02-03
125,Carry Sing,Influenciadores,345.03,3037,2014-08-06,2014-08-10
126,Or Rich,Redes Sociais,246.88,3239,2023-08-24,2023-08-27
127,Beyond Realize,Outros,397.66,9782,2017-07-19,2017-08-06
128,Threat Hospital,TV,270.93,2648,2018-02-20,2018-03-09
129,Entire Early,WhatsApp,922.62,5629,2021-03-03,2021-03-26
130,Start Animal,LinkedIn,797.45,2333,2024-12-28,2025-01-01
131,Off Though,Redes Sociais,488.88,5083,2023-08-30,2023-09-19
132,Thousand Public,Rádio,960.23,1011,2016-01-22,2016-02-21
133,Task Tonight,Influenciadores,342.93,2165,2017-04-15,2017-05-13
134,Physical Seek,Influenciadores,804.55,9095,2022-03-26,2022-03-29
135,Government Turn,WhatsApp,866.8,2133,2016-06-09,2016-06-19
136,State Land,SMS,606.81,1293,2014-06-07,2014-07-01
137,Say Smile,Google Ads,836.67,4169,2019-10-12,2019-11-08
138,Increase Seat,Google Ads,962.6,4098,2021-05-22,2021-06-13
139,Same Reality,Redes Sociais,971.82,6802,2023-10-27,2023-11-04
140,Office Front,Email Marketing,510.89,2591,2017-08-05,2017-08-06
141,Direction Could,SMS,919.11,3542,2015-04-01,2015-04-09
142,Story Environmental,Influenciadores,960.15,8292,2014-10-04,2014-10-24
143,Relationship Four,Email Marketing,971.69,6384,2016-10-09,2016-10-19
144,Thus Law,LinkedIn,465.72,1629,2020-11-27,2020-12-07
145,Adult Reality,TV,914.27,8571,2014-12-01,2014-12-28
146,Any True,Telegram,911.28,2760,2022-08-24,2022-08-28
147,Own Approach,SMS,584.32,5748,2022-02-26,2022-03-23
148,Those Control,Influenciadores,975.37,1915,2016-10-26,2016-11-16
149,Prepare Save,SMS,389.65,9500,2020-06-05,2020-06-18
150,Agree Air,TV,435.97,5249,2018-08-03,2018-08-18
151,Else Real,TV,248.23,7324,2022-12-18,2022-12-30
152,Mr Stand,Redes Sociais,977.78,1807,2019-11-19,2019-11-26
153,National Office,WhatsApp,515.02,9346,2022-03-18,2022-04-04
154,Word Anyone,SMS,836.49,6739,2020-10-05,2020-10-22
155,Season Difference,LinkedIn,567.61,5253,2016-02-08,2016-02-26
156,Week Nothing,Outros,985.06,9904,2014-06-27,2014-07-06
157,Can Heart,Redes Sociais,219.07,5941,2023-11-19,2023-11-26
158,Especially Herself,Influenciadores,681.89,8597,2022-09-11,2022-09-18
159,Our Wish,Google Ads,302.87,3369,2018-01-17,2018-01-26
160,Better Phone,Outros,241.08,4920,2024-01-07,2024-01-15
161,Southern Firm,LinkedIn,703.41,5186,2016-06-21,2016-06-29
162,First Military,TV,361.92,8822,2018-01-29,2018-02-12
163,Risk Pattern,Influenciadores,505.33,8107,2019-01-04,2019-01-25
164,Than Image,Rádio,732.22,3738,2015-11-03,2015-11-22
165,Fast Point,Outros,271.37,4231,2020-02-17,2020-03-18
166,Me Most,Influenciadores,414.53,9753,2014-07-13,2014-08-01
167,To Goal,Google Ads,335.05,8317,2021-09-04,2021-09-30
168,Executive Avoid,Outros,510.66,9483,2024-06-18,2024-07-16
169,Tonight School,Outros,901.87,9730,2022-09-01,2022-09-26
170,Few Only,Redes Sociais,884.0,7669,2019-06-22,2019-07-21
171,Either World,Telegram,281.59,8234,2018-11-15,2018-12-12
172,Tree National,TV,523.32,4712,2024-10-28,2024-11-14
173,Ever Gun,SMS,292.68,2880,2016-03-26,2016-03-30
174,Bank Ever,SMS,468.91,1393,2015-09-09,2015-09-18
175,Seven Open,WhatsApp,349.76,3875,2014-12-26,2015-01-13
176,Whether Congress,SMS,597.39,5982,2023-02-18,2023-02-25
177,Science Doctor,TV,716.05,8611,2015-11-28,2015-12-03
178,Benefit Relate,Outros,787.05,8087,2016-03-11,2016-03-29
179,Discuss Population,SMS,502.37,8671,2018-06-09,2018-06-12
180,Hot Must,WhatsApp,880.03,7523,2017-05-09,2017-05-12
181,Along Admit,Google Ads,926.13,8983,2017-06-27,2017-07-25
182,Light Good,Influenciadores,304.63,7437,2024-02-15,2024-03-12
183,Him Lot,TV,537.74,2608,2023-05-01,2023-05-11
184,Agent Near,SMS,549.96,3917,2019-07-09,2019-07-25
185,Whom Different,WhatsApp,982.83,9838,2016-03-15,2016-04-13
186,Various She,Google Ads,675.42,7857,2019-05-14,2019-06-02
187,Health Specific,Rádio,564.67,3927,2017-05-04,2017-05-24
188,Lot Although,WhatsApp,992.24,5788,2017-12-13,2017-12-19
189,His Reality,WhatsApp,525.54,8845,2019-11-14,2019-12-11
190,Pressure Make,TV,336.83,4234,2015-02-12,2015-02-28
191,Foot Success,Telegram,606.99,9519,2018-05-01,2018-05-20
192,Mission Have,Influenciadores,817.81,6566,2020-10-26,2020-11-13
193,Open Factor,LinkedIn,771.89,9276,2018-05-31,2018-06-10
194,Bring Stand,Rádio,629.24,1789,2017-11-21,2017-11-26
195,Positive Civil,Telegram,516.08,8153,2015-09-19,2015-10-12
196,Whatever Time,Influenciadores,313.42,6122,2021-04-21,2021-04-29
197,Base Begin,Outros,370.96,4178,2022-03-20,2022-04-09
198,Image Camera,Influenciadores,899.99,6743,2024-12-15,2025-01-09
199,Until Once,Redes Sociais,224.87,3878,2024-10-03,2024-10-23
200,Score Purpose,WhatsApp,902.85,3078,2024-02-28,2024-03-10
201,Away Must,Rádio,272.99,7332,2018-05-23,2018-06-11
202,Help Thus,Telegram,429.6,4352,2014-10-29,2014-11-18
203,Land Avoid,Telegram,795.75,1832,2022-08-15,2022-08-29
204,Tax Goal,WhatsApp,846.3,2236,2017-06-10,2017-06-16
205,Black Model,Telegram,328.4,5778,2019-08-04,2019-08-27
206,Do Can,Rádio,509.49,1191,2020-05-25,2020-06-18
207,Course Couple,Google Ads,797.68,8131,2019-05-25,2019-06-07
208,Team Writer,Email Marketing,757.17,9188,2022-05-30,2022-06-13
209,Majority Month,Telegram,764.15,2159,2022-06-19,2022-07-17
210,Raise Talk,Telegram,384.41,2617,2017-10-07,2017-10-22
211,Federal Science,SMS,472.08,3432,2023-09-12,2023-09-16
212,Reduce Year,Redes Sociais,423.71,6590,2021-08-06,2021-08-25
213,Movement Become,Rádio,586.1,6068,2021-10-02,2021-10-29
214,Assume Entire,SMS,701.4,5822,2020-09-06,2020-09-22
215,Season Room,Rádio,718.04,7577,2024-09-18,2024-09-25
216,Type Wide,Influenciadores,278.79,7305,2016-03-04,2016-03-20
217,Mouth Religious,Email Marketing,545.88,3778,2020-03-01,2020-03-21
218,Enjoy Than,Telegram,602.6,4318,2017-06-02,2017-06-21
219,Data Family,WhatsApp,775.59,4091,2023-05-15,2023-06-10
220,Third Foreign,Telegram,591.82,3191,2015-07-08,2015-07-31
221,Professor Suffer,LinkedIn,314.88,1769,2017-11-20,2017-12-12
222,Speak Part,Rádio,769.05,6515,2018-06-19,2018-07-04
223,Majority Rest,Email Marketing,746.19,7060,2020-01-05,2020-01-13
224,Leave Carry,Google Ads,399.08,3683,2017-02-27,2017-03-06
225,Usually Far,TV,250.99,7638,2014-08-10,2014-09-04
226,Treat World,Rádio,581.27,5126,2019-06-15,2019-07-14
227,Sport Street,Email Marketing,425.55,7989,2016-06-01,2016-06-08
228,Safe Hundred,SMS,736.05,7093,2019-07-19,2019-08-03
229,Movie Heart,WhatsApp,354.24,6080,2017-09-16,2017-09-26
230,You Mention,Email Marketing,471.25,9426,2020-08-12,2020-08-27
231,Behind Into,SMS,885.44,9455,2015-04-13,2015-05-13
232,Deal Avoid,Email Marketing,590.47,9883,2018-02-26,2018-03-08
233,Place Fire,TV,754.84,4892,2018-03-01,2018-03-16
234,Product Use,Influenciadores,530.58,2301,2019-09-21,2019-10-14
235,Degree Rise,Google Ads,780.47,5088,2016-07-16,2016-08-02
236,Reveal Reduce,Telegram,689.16,2064,2014-10-19,2014-10-20
237,Test Either,Redes Sociais,341.79,5495,2015-07-19,2015-08-11
238,Who Customer,TV,290.07,8119,2018-07-07,2018-07-13
239,Agency Loss,Rádio,788.07,8092,2019-01-16,2019-02-05
240,Always Style,Email Marketing,463.71,3202,2024-06-28,2024-07-20
241,Take Party,Outros,824.47,8211,2017-08-27,2017-09-01
242,Year Trade,Redes Sociais,475.27,5937,2018-01-13,2018-01-29
243,Image Campaign,Influenciadores,314.06,8668,2024-11-16,2024-12-09
244,Face Before,SMS,349.46,1095,2014-04-05,2014-04-20
245,Without Lot,Influenciadores,447.47,6717,2020-07-28,2020-08-16
246,Hot Base,Telegram,514.42,2616,2023-12-30,2024-01-29
247,Prepare Executive,SMS,354.13,8270,2023-02-08,2023-02-14
248,Fact Right,LinkedIn,529.43,3688,2014-05-23,2014-06-22
249,Although Plan,Outros,346.52,7501,2024-11-05,2024-12-03
250,Magazine Small,Rádio,304.75,9749,2019-04-01,2019-04-22
251,How Only,Rádio,372.78,4160,2021-09-07,2021-10-02
252,Sit Mouth,Telegram,915.45,7871,2020-08-04,2020-09-02
253,Form Serious,Redes Sociais,249.6,4365,2022-12-16,2022-12-26
254,So Defense,LinkedIn,866.25,4064,2020-07-19,2020-07-22
255,Series Television,Email Marketing,807.79,3985,2021-06-15,2021-07-13
256,Call Should,Redes Sociais,308.2,6475,2021-12-05,2021-12-25
257,Central World,Email Marketing,883.09,4162,2024-04-21,2024-05-15
258,Ask Bad,Outros,411.82,2303,2020-02-23,2020-03-03
259,Democratic Mean,SMS,630.29,8623,2015-07-17,2015-08-04
260,Include Social,SMS,715.75,2832,2019-07-14,2019-08-12
261,Board Claim,TV,708.46,5214,2020-07-27,2020-08-09
262,Around Guy,Outros,954.76,8002,2016-02-09,2016-03-10
263,Shoulder Provide,Telegram,380.9,5510,2020-12-14,2021-01-03
264,Each Any,Telegram,443.85,6001,2014-11-19,2014-12-17
265,Reduce Police,Outros,877.45,3216,2020-10-23,2020-11-15
266,Sense Space,Outros,413.81,9133,2016-11-11,2016-11-15
267,Through Thus,Telegram,941.3,5332,2020-02-11,2020-03-05
268,Notice List,Rádio,770.81,3081,2024-01-13,2024-01-21
269,Hear Tend,TV,489.33,4130,2019-01-26,2019-02-11
270,Fear Today,Rádio,368.66,7008,2015-05-19,2015-06-16
271,Research Suggest,Telegram,570.63,8293,2024-06-24,2024-07-11
272,Travel Entire,WhatsApp,561.94,6307,2014-07-18,2014-08-02
273,Myself Everything,SMS,920.87,2176,2017-05-30,2017-06-28
274,Scientist Kind,Redes Sociais,918.75,7188,2020-12-31,2021-01-18
275,Commercial Quite,WhatsApp,505.93,9972,2017-02-28,2017-03-20
276,Job Quite,WhatsApp,484.01,9320,2024-06-16,2024-07-04
277,Beat Just,Rádio,401.81,7554,2014-11-17,2014-11-23
278,Senior Find,Outros,410.8,2953,2020-09-28,2020-10-14
279,Blue Heart,Influenciadores,418.14,4602,2023-09-28,2023-10-26
280,Film Reach,Email Marketing,619.8,6779,2020-05-05,2020-05-31
281,This Drop,WhatsApp,485.09,6347,2024-01-04,2024-01-06
282,Far Employee,SMS,556.83,9588,2020-07-03,2020-07-25
283,Leg Security,Influenciadores,378.63,8637,2021-05-26,2021-06-15
284,Finally Perhaps,LinkedIn,870.66,4976,2018-01-11,2018-01-25
285,Cultural Behavior,Email Marketing,865.69,8963,2024-06-07,2024-06-27
286,Product Understand,Influenciadores,917.71,3850,2018-02-27,2018-03-25
287,East Rest,Outros,933.78,8339,2016-02-05,2016-02-29
288,Mother Bad,Rádio,847.27,7125,2019-02-27,2019-03-05
289,To Somebody,Email Marketing,622.67,3734,2017-08-22,2017-09-09
290,Stop Tree,Email Marketing,945.02,7177,2016-05-19,2016-06-01
291,Father Group,WhatsApp,799.84,6850,2019-04-11,2019-05-05
292,Wait Ask,Redes Sociais,236.24,6297,2020-08-04,2020-08-30
293,Represent Actually,Telegram,497.18,9475,2021-12-12,2022-01-11
294,Single Poor,TV,358.71,1905,2017-12-24,2018-01-19
295,Must Near,Google Ads,385.48,2518,2017-02-11,2017-02-23
296,Prevent Industry,Email Marketing,350.38,1054,2015-08-12,2015-08-25
297,Beat Build,SMS,937.24,4185,2019-07-13,2019-08-03
298,Job Suggest,Influenciadores,758.36,1832,2018-09-24,2018-10-02
299,Several Strong,SMS,503.58,8144,2017-09-08,2017-09-20
300,Exactly Standard,Rádio,677.94,1090,2021-10-02,2021-10-22
301,As Describe,Redes Sociais,689.47,6655,2021-03-03,2021-03-16
302,Event By,TV,313.62,2142,2022-02-08,2022-02-27
303,Professional Mean,WhatsApp,752.18,6938,2017-10-16,2017-10-23
304,Their Budget,Outros,691.98,2205,2017-05-06,2017-06-05
305,Provide Difference,Influenciadores,600.26,4285,2024-03-06,2024-04-01
306,How Risk,Redes Sociais,376.91,1573,2015-12-14,2015-12-21
307,Firm Head,Redes Sociais,418.59,3200,2018-07-14,2018-08-05
308,His Question,Google Ads,488.38,6998,2018-02-11,2018-03-02
309,Throughout Field,Google Ads,513.57,9871,2014-03-01,2014-03-09
310,Tend Administration,Rádio,460.35,1386,2022-07-28,2022-08-15
311,View Fly,Rádio,354.87,1792,2024-02-08,2024-02-24
312,Economy Poor,WhatsApp,734.11,9867,2019-04-29,2019-05-15
313,Section Address,TV,837.19,2724,2022-05-20,2022-05-24
314,Land Month,SMS,201.35,1265,2019-02-28,2019-03-27
315,Wait Course,LinkedIn,925.7,1534,2015-04-01,2015-04-12
316,Television Ask,Influenciadores,662.89,6052,2018-02-25,2018-03-20
317,How During,WhatsApp,354.52,5566,2019-02-28,2019-03-26
318,Later Thank,WhatsApp,248.01,4983,2022-12-14,2023-01-05
319,Behavior Fight,SMS,726.1,3177,2021-05-04,2021-05-28
320,Phone Year,Email Marketing,590.47,5507,2016-05-08,2016-05-31
321,Generation Either,Google Ads,280.75,4446,2021-02-08,2021-02-24
322,Campaign Born,Influenciadores,663.96,6966,2022-11-02,2022-11-06
323,Money Miss,Telegram,759.98,4549,2016-08-23,2016-08-30
324,Dinner Manage,Redes Sociais,505.5,5480,2016-08-04,2016-09-03
325,Staff Idea,Influenciadores,551.85,2716,2018-04-21,2018-05-20
326,Star Deal,SMS,936.07,9732,2020-11-21,2020-11-29
327,Center Field,Telegram,683.76,9013,2017-01-17,2017-02-01
328,A Available,WhatsApp,461.1,5739,2019-04-30,2019-05-09
329,Else Stand,Outros,649.81,7829,2014-07-06,2014-07-27
330,Agency Find,WhatsApp,512.76,7651,2019-07-01,2019-07-23
331,Small Any,Rádio,616.08,2580,2014-09-19,2014-10-04
332,Arrive Argue,Outros,884.0,7554,2018-09-30,2018-10-05
333,Collection Area,Rádio,251.54,3301,2016-12-28,2017-01-13
334,Easy Customer,WhatsApp,300.49,2143,2017-02-15,2017-02-24
335,Dinner Yard,TV,648.7,9678,2022-12-08,2022-12-23
336,Stop Well,SMS,767.73,5574,2021-01-07,2021-01-30
337,Be Action,Outros,230.7,1757,2018-05-30,2018-06-18
338,Lot Growth,Email Marketing,244.32,4187,2018-11-15,2018-12-04
339,Last Girl,Rádio,403.26,6041,2023-04-28,2023-05-10
340,Sense Piece,Outros,689.41,1765,2020-06-24,2020-07-20
341,Fact Late,Google Ads,854.66,2359,2023-03-20,2023-04-07
342,Candidate Must,Google Ads,358.96,5518,2022-08-11,2022-08-17
343,Officer Kid,TV,888.15,6746,2016-12-24,2017-01-10
344,Not Join,Rádio,378.54,4480,2023-02-10,2023-02-16
345,Move Door,Telegram,465.77,5226,2024-05-01,2024-05-11
346,Compare Final,LinkedIn,413.68,1434,2016-12-01,2016-12-24
347,Go Me,SMS,960.22,5032,2020-07-11,2020-07-25
348,Very Word,TV,832.73,2264,2022-10-28,2022-11-09
349,Energy Few,TV,950.74,7948,2015-10-10,2015-10-23
350,Movement Republican,TV,928.58,5437,2024-05-03,2024-05-24
351,Certainly Behind,Rádio,392.29,8674,2021-01-09,2021-01-26
352,Ready Drive,Redes Sociais,296.03,4691,2018-04-04,2018-04-19
353,Writer Message,WhatsApp,920.87,8276,2022-10-10,2022-11-06
354,As Common,Influenciadores,981.43,6159,2023-01-13,2023-01-14
355,Report Move,Outros,409.0,2552,2018-08-15,2018-08-19
356,Together Alone,Google Ads,663.71,2537,2017-01-04,2017-01-26
357,Significant Represent,Outros,444.2,4427,2023-06-20,2023-07-20
358,Feeling Finally,LinkedIn,576.51,4577,2024-01-09,2024-01-30
359,Finally Something,WhatsApp,974.13,5042,2024-03-25,2024-04-04
360,Cut Wrong,Redes Sociais,592.87,3303,2020-07-06,2020-07-22
361,Maybe Probably,SMS,969.3,3237,2023-04-03,2023-05-03
362,Student Director,Email Marketing,658.69,8435,2019-07-03,2019-07-18
363,Often Simply,Telegram,257.01,9960,2015-02-27,2015-03-22
364,Experience What,Outros,544.0,9772,2024-02-20,2024-02-23
365,Hour Operation,Redes Sociais,575.12,1584,2022-07-05,2022-07-30
366,Matter If,TV,744.82,9409,2014-07-28,2014-08-19
367,Place Claim,LinkedIn,655.96,7683,2020-03-19,2020-03-30
368,Public Member,Outros,638.08,3320,2014-02-19,2014-03-12
369,Base Save,TV,301.45,8307,2024-06-24,2024-06-29
370,Red Nor,LinkedIn,790.03,5884,2020-09-25,2020-10-01
371,Give Realize,LinkedIn,653.83,6981,2020-08-03,2020-08-26
372,Make Three,WhatsApp,842.37,4731,2014-06-17,2014-07-12
373,Least Again,TV,243.44,8078,2015-03-20,2015-04-06
374,Good Board,SMS,512.87,6052,2023-01-10,2023-01-31
375,One Science,Telegram,559.23,7043,2018-02-26,2018-03-25
376,Morning Heavy,Google Ads,975.12,9052,2022-03-16,2022-03-26
377,Tonight Significant,Rádio,943.35,7999,2020-05-10,2020-06-03
378,Important Military,Email Marketing,550.71,8755,2020-12-01,2020-12-10
379,Study Political,Influenciadores,739.31,3606,2017-02-09,2017-03-06
380,Or Western,Google Ads,639.39,7589,2022-10-19,2022-11-07
381,Pull Prepare,Influenciadores,884.13,2585,2015-01-09,2015-02-03
382,Significant With,Rádio,495.16,5958,2016-01-26,2016-02-21
383,Agree Buy,Email Marketing,942.6,6662,2019-03-12,2019-03-29
384,Rock Road,SMS,563.93,7013,2014-05-11,2014-05-27
385,Nor Radio,Telegram,754.86,1554,2018-06-05,2018-06-29
386,Son Draw,Influenciadores,967.07,7821,2019-11-06,2019-11-15
387,Factor Gun,Telegram,359.83,9954,2022-02-02,2022-02-18
388,Start Son,TV,345.92,4340,2015-07-30,2015-08-15
389,Ability Soon,Influenciadores,831.02,8645,2023-02-27,2023-03-16
390,Area Success,Rádio,477.73,6830,2016-11-11,2016-11-23
391,Drop Consumer,Email Marketing,371.03,8080,2022-07-01,2022-07-11
392,Even Data,WhatsApp,528.02,1412,2017-03-05,2017-03-31
393,Expert Agent,Outros,582.64,7640,2014-06-03,2014-06-27
394,Husband Tend,Outros,788.6,3394,2018-11-07,2018-11-23
395,Enough Nearly,Rádio,699.22,3669,2022-11-01,2022-11-09
396,As However,Redes Sociais,273.25,5603,2019-09-19,2019-10-02
397,Current Despite,Redes Sociais,591.49,1202,2019-07-07,2019-07-11
398,Professional Million,SMS,392.3,1913,2023-12-18,2024-01-08
399,Stand Friend,Influenciadores,760.37,8482,2023-10-05,2023-11-03
400,Both Seven,Telegram,607.11,3552,2018-06-01,2018-06-21
401,Natural Without,Influenciadores,547.8,5031,2018-12-31,2019-01-07
402,Son Local,LinkedIn,210.86,4458,2018-05-13,2018-06-12
403,Culture Spring,SMS,450.42,2344,2017-04-30,2017-05-15
404,Miss Social,Google Ads,282.9,9087,2024-09-03,2024-09-04
405,Value Real,TV,893.68,5664,2023-03-31,2023-04-27
406,Few Be,Rádio,464.39,2592,2018-08-15,2018-09-14
407,Simple Brother,WhatsApp,985.31,9245,2020-07-05,2020-07-28
408,Purpose Argue,Rádio,402.75,4873,2014-10-17,2014-11-10
409,On Different,LinkedIn,496.97,5478,2023-05-06,2023-05-27
410,Walk Piece,Influenciadores,798.95,6985,2018-08-08,2018-08-21
411,Live Finish,Outros,567.1,5103,2023-04-16,2023-05-11
412,Particularly Capital,Email Marketing,362.94,6232,2022-05-06,2022-05-20
413,Hold Light,Email Marketing,331.36,6270,2024-09-08,2024-09-12
414,Crime Camera,Redes Sociais,483.48,1686,2020-04-30,2020-05-25
415,Increase Simply,SMS,773.42,2832,2022-11-22,2022-11-25
416,Next Writer,Telegram,704.03,3839,2016-01-07,2016-01-08
417,Shoulder Better,SMS,844.38,4038,2019-04-10,2019-04-24
418,Benefit Forget,LinkedIn,328.44,1105,2016-07-04,2016-07-31
419,Just Not,WhatsApp,845.0,6895,2019-02-11,2019-02-15
420,Manage Leader,Influenciadores,866.8,3627,2023-10-20,2023-10-24
421,Crime Red,Redes Sociais,260.19,2501,2022-01-30,2022-02-01
422,Check Chair,Rádio,965.1,8042,2022-04-21,2022-04-27
423,Avoid Pay,Influenciadores,648.63,7694,2022-04-29,2022-05-14
424,Road Score,Outros,809.41,6935,2014-02-16,2014-02-19
425,Any Watch,Outros,908.78,6603,2021-04-21,2021-04-27
426,Me Him,WhatsApp,979.79,4551,2024-12-27,2025-01-26
427,Plan Look,WhatsApp,983.74,9886,2016-06-15,2016-07-08
428,Truth Require,Rádio,854.2,8257,2023-07-29,2023-08-14
429,Investment Because,Rádio,329.77,1915,2020-12-12,2020-12-21
430,Red Fight,Influenciadores,742.15,8504,2015-07-22,2015-08-15
431,Different Base,Telegram,576.24,7776,2020-10-03,2020-10-06
432,Staff Difference,Influenciadores,728.91,6538,2018-05-15,2018-05-23
433,National Government,Rádio,730.12,8342,2018-08-22,2018-09-17
434,Turn Too,WhatsApp,874.15,6077,2021-10-10,2021-10-15
435,If Start,Telegram,969.34,2569,2017-12-06,2017-12-25
436,Eat Decision,Telegram,390.97,4505,2020-07-25,2020-08-11
437,Here Instead,WhatsApp,537.84,8082,2018-10-08,2018-10-20
438,Dog Color,Influenciadores,424.37,6295,2022-01-03,2022-01-13
439,Just Beautiful,Google Ads,289.01,6547,2019-04-25,2019-05-23
440,Girl Discussion,LinkedIn,982.01,9343,2020-07-27,2020-08-25
441,Thousand Fear,Telegram,448.65,1282,2016-03-20,2016-04-18
442,Stay Knowledge,Influenciadores,859.94,2699,2019-07-25,2019-08-02
443,Those Back,LinkedIn,999.99,7772,2024-05-17,2024-06-10
444,Possible Since,Rádio,598.95,5812,2022-07-03,2022-07-20
445,Deal Article,Rádio,340.91,5647,2021-01-16,2021-01-30
446,Pay Everybody,LinkedIn,355.72,5038,2018-05-30,2018-06-20
447,Will On,WhatsApp,876.34,3679,2022-06-08,2022-06-19
448,Month Decide,Email Marketing,217.35,3496,2018-07-23,2018-08-12
449,Top Cup,Outros,280.58,7157,2015-09-10,2015-09-22
450,Discussion Bring,Redes Sociais,427.36,7285,2020-03-07,2020-03-17
451,Or Must,Google Ads,730.92,4905,2015-05-20,2015-06-10
452,Remember Mouth,TV,932.45,6114,2016-04-08,2016-04-10
453,Most Really,LinkedIn,789.77,9933,2019-02-16,2019-02-26
454,Factor Ready,LinkedIn,280.44,5174,2020-11-28,2020-11-29
455,Accept Policy,Rádio,951.32,6322,2017-09-05,2017-09-09
456,Already Term,Influenciadores,366.78,5195,2022-06-15,2022-06-18
457,Standard Many,SMS,849.7,6641,2015-03-15,2015-04-07
458,Involve Position,SMS,438.24,5584,2024-10-06,2024-10-19
459,Apply Son,Influenciadores,702.71,1615,2021-06-15,2021-06-22
460,Financial Under,SMS,975.39,9997,2021-10-25,2021-11-08
461,Firm Available,Telegram,286.56,2410,2016-10-14,2016-10-15
462,Economic Toward,Google Ads,264.47,5452,2023-09-14,2023-10-11
463,Have Method,TV,406.58,4285,2022-04-05,2022-04-29
464,Where Else,Rádio,454.41,8217,2015-08-27,2015-09-18
465,Send Car,Google Ads,473.5,5540,2016-11-13,2016-11-23
466,Let City,Redes Sociais,587.17,8431,2022-01-12,2022-01-20
467,Mouth Which,LinkedIn,263.57,5877,2018-12-21,2019-01-16
468,She Subject,TV,563.71,9730,2024-03-31,2024-04-30
469,Much Bar,Google Ads,272.25,3361,2019-05-10,2019-06-04
470,Money Fight,Outros,207.14,5638,2017-05-13,2017-05-22
471,Nation Government,Email Marketing,741.52,1998,2014-01-03,2014-01-10
472,Attack Spend,Influenciadores,678.3,3533,2017-09-26,2017-10-09
473,Former Statement,LinkedIn,366.18,6087,2017-03-13,2017-03-26
474,Stand Performance,Influenciadores,215.11,8328,2017-08-11,2017-08-12
475,Politics Fish,Rádio,372.4,4053,2015-05-21,2015-06-05
476,Street Indicate,LinkedIn,609.38,6743,2024-11-11,2024-12-02
477,Action Season,Telegram,667.35,8414,2017-08-26,2017-09-12
478,Statement Little,TV,702.08,9257,2014-07-26,2014-08-15
479,To Toward,Email Marketing,639.89,8497,2021-06-08,2021-06-09
480,War Black,Outros,996.04,4067,2015-06-21,2015-07-05
481,Protect Everybody,TV,555.02,8325,2023-01-09,2023-01-13
482,Test Story,Google Ads,400.73,3902,2016-03-28,2016-04-06
483,Everyone Always,TV,430.19,2521,2017-06-06,2017-07-01
484,Product Best,Rádio,958.04,2742,2022-10-26,2022-11-13
485,Bar Public,Redes Sociais,486.17,6794,2022-12-08,2023-01-01
486,View Teach,Google Ads,974.74,4721,2019-09-28,2019-10-07
487,Knowledge City,Outros,826.47,4125,2016-12-04,2016-12-29
488,Southern Challenge,SMS,784.73,5647,2023-04-20,2023-04-30
489,Include Trip,Google Ads,238.74,2683,2021-10-09,2021-11-06
490,State Community,Telegram,717.31,2707,2024-03-28,2024-04-16
491,Cell Door,TV,894.63,3751,2021-02-20,2021-03-06
492,Book Though,Google Ads,357.57,7073,2024-06-25,2024-07-03
493,Natural Man,TV,903.24,1720,2024-02-18,2024-03-01
494,Ever President,SMS,517.84,3458,2017-07-12,2017-08-09
495,Example However,Telegram,842.67,3151,2019-05-13,2019-06-06
496,Deep Speech,TV,417.17,5352,2016-03-20,2016-04-13
497,Deal Ground,Influenciadores,394.72,2750,2017-03-20,2017-04-05
498,Indeed Card,Redes Sociais,344.52,2656,2023-06-17,2023-06-30
499,Also Down,Outros,952.24,6990,2020-06-18,2020-06-25
500,Within Pm,WhatsApp,369.15,6353,2014-11-08,2014-11-30
501,Executive Surface,Influenciadores,216.08,5864,2019-08-28,2019-09-27
502,What Voice,Telegram,882.89,6507,2016-04-26,2016-05-04
503,Them Other,Email Marketing,479.79,7333,2023-01-01,2023-01-20
504,As Owner,Outros,859.67,7220,2024-04-22,2024-05-22
505,Result Idea,TV,237.24,9567,2020-08-02,2020-08-21
506,Suffer Safe,Google Ads,239.36,9310,2022-11-26,2022-11-28
507,Whose Religious,SMS,271.37,3075,2024-06-01,2024-06-12
508,He Environment,Google Ads,935.82,1240,2015-06-18,2015-07-09
509,Behavior Wear,Telegram,777.01,9622,2024-02-06,2024-03-04
510,Hospital Perform,WhatsApp,604.49,4822,2024-01-21,2024-01-24
511,Popular Forward,Email Marketing,856.69,2768,2023-08-20,2023-09-02
512,Whatever Put,LinkedIn,245.45,3045,2021-06-12,2021-07-08
513,Between He,Email Marketing,307.69,7585,2017-03-16,2017-03-17
514,Program Nor,Outros,866.75,8011,2018-10-12,2018-11-11
515,Always Word,Rádio,337.81,3390,2014-05-08,2014-06-02
516,Amount May,LinkedIn,807.33,2245,2020-01-18,2020-01-21
517,Safe However,LinkedIn,614.84,1941,2020-07-02,2020-07-11
518,Both Question,WhatsApp,231.85,6708,2018-09-17,2018-09-20
519,Behind Culture,Google Ads,836.47,5140,2019-09-07,2019-10-01
520,Try Money,Redes Sociais,665.24,2920,2016-04-25,2016-05-19
521,Job Outside,Google Ads,649.84,9824,2015-10-04,2015-10-20
522,Focus System,Redes Sociais,273.41,1681,2019-02-19,2019-02-20
523,Yard Help,SMS,534.71,5836,2014-11-16,2014-11-29
524,Mouth Figure,Redes Sociais,693.7,2089,2016-06-03,2016-06-20
525,Author Lead,Email Marketing,287.9,4980,2021-07-29,2021-08-19
526,Range Though,Rádio,964.16,6891,2018-09-17,2018-10-05
527,Exist Fast,WhatsApp,469.38,4805,2016-07-16,2016-07-31
528,Answer Report,LinkedIn,370.1,7020,2018-10-21,2018-11-04
529,Adult Tv,Telegram,469.01,1835,2020-03-04,2020-03-19
530,Soon Play,SMS,796.03,2770,2024-05-20,2024-05-27
531,Federal Baby,Outros,539.66,1835,2020-07-06,2020-07-10
532,Step Dream,SMS,646.84,6607,2024-08-17,2024-08-23
533,Defense East,Telegram,749.25,3463,2018-04-04,2018-05-01
534,Happy Size,Redes Sociais,293.33,4204,2023-02-13,2023-02-20
535,I Top,Rádio,831.67,2115,2014-05-28,2014-06-02
536,Society While,LinkedIn,222.11,1198,2024-07-17,2024-08-05
537,Skin Identify,Telegram,304.76,2824,2015-06-07,2015-06-25
538,Himself Half,Outros,858.91,9563,2019-10-06,2019-10-15
539,Sport Yard,WhatsApp,319.08,9653,2017-12-08,2018-01-04
540,Near Manager,WhatsApp,941.25,9688,2023-09-22,2023-09-29
541,Child End,TV,402.14,1521,2023-06-28,2023-07-06
542,Others Movement,WhatsApp,477.81,5880,2023-10-16,2023-10-30
543,Today Whose,Outros,869.28,1297,2020-06-02,2020-06-05
544,Expect Could,Redes Sociais,588.73,1325,2015-08-03,2015-08-09
545,Thousand Commercial,LinkedIn,565.49,6907,2018-10-02,2018-10-13
546,Threat Blue,SMS,883.13,7482,2023-10-20,2023-11-10
547,Book Guy,TV,488.65,8666,2023-09-19,2023-10-03
548,Decision Might,WhatsApp,970.36,4102,2024-10-02,2024-10-30
549,She Maintain,WhatsApp,385.69,7476,2022-12-23,2023-01-17
550,Between Run,TV,696.66,4569,2016-06-26,2016-07-13
551,Direction There,Outros,696.69,9357,2019-09-17,2019-10-03
552,Work For,Redes Sociais,989.23,5904,2021-09-24,2021-09-28
553,Raise Entire,TV,436.21,8735,2015-10-10,2015-11-04
554,State Check,Email Marketing,409.96,4014,2014-02-14,2014-02-22
555,Test News,LinkedIn,790.3,8252,2020-12-15,2020-12-17
556,Past Anything,Google Ads,714.19,5550,2024-01-06,2024-01-27
557,Statement We,Influenciadores,467.82,4683,2015-11-24,2015-11-27
558,Professor Discussion,Telegram,247.41,2029,2020-09-14,2020-10-02
559,Office Very,Redes Sociais,483.04,1459,2023-04-30,2023-05-11
560,Room Mission,Outros,742.35,1769,2021-05-03,2021-05-30
561,Full High,WhatsApp,909.36,1453,2018-09-10,2018-09-26
562,Personal Reduce,LinkedIn,919.64,8616,2015-01-16,2015-02-07
563,Level Now,Telegram,596.85,6101,2017-12-20,2018-01-16
564,Help Land,Email Marketing,488.69,1572,2015-05-26,2015-06-11
565,On Always,Telegram,985.83,2502,2019-03-24,2019-04-03
566,Ball Around,Rádio,522.76,1986,2020-11-03,2020-11-06
567,Cup Participant,TV,618.42,9425,2024-06-11,2024-06-28
568,Point Check,Google Ads,819.9,4313,2019-05-29,2019-06-21
569,Style Me,Outros,579.75,7688,2023-06-26,2023-07-09
570,Else Stop,Google Ads,718.84,4080,2022-10-04,2022-10-12
571,Feeling Green,WhatsApp,559.14,5633,2023-01-05,2023-01-17
572,Technology Yeah,Outros,544.11,5587,2017-11-08,2017-11-15
573,Front Her,TV,266.42,5252,2015-04-26,2015-05-23
574,Bag Risk,Influenciadores,439.47,3741,2014-01-15,2014-02-13
575,Notice Simply,LinkedIn,957.32,9771,2017-07-17,2017-08-06
576,Hard Loss,Outros,349.82,4384,2021-08-09,2021-08-15
577,Along Ready,Influenciadores,217.46,2664,2018-06-24,2018-07-21
578,Action Trip,SMS,263.7,6258,2017-12-12,2017-12-15
579,Involve Important,Email Marketing,871.39,9945,2020-08-03,2020-08-19
580,Poor Indicate,TV,649.42,1156,2015-02-18,2015-03-20
581,Special Company,LinkedIn,738.42,7053,2022-01-02,2022-01-19
582,Modern Choice,WhatsApp,529.75,5993,2024-10-29,2024-11-16
583,Drop North,TV,406.57,5674,2017-08-05,2017-08-15
584,Capital National,TV,663.97,4358,2024-06-02,2024-06-14
585,Available Quickly,Email Marketing,636.18,3306,2023-02-25,2023-03-21
586,Number Church,Influenciadores,590.93,2571,2021-10-17,2021-11-01
587,Everyone Case,Rádio,744.95,3097,2023-12-05,2023-12-23
588,Remember With,WhatsApp,456.57,5635,2016-06-22,2016-07-21
589,Which Value,Influenciadores,493.54,8657,2024-05-26,2024-06-14
590,Raise Those,Influenciadores,779.0,4056,2024-10-26,2024-10-27
591,Present Rich,Redes Sociais,391.44,3789,2023-12-04,2023-12-11
592,Arrive Half,Email Marketing,275.57,1498,2017-02-26,2017-03-27
593,Factor Return,Influenciadores,578.47,1935,2020-05-13,2020-05-24
594,International Hospital,Rádio,793.62,1889,2014-10-16,2014-10-28
595,Part View,WhatsApp,915.78,6064,2018-03-11,2018-04-08
596,Way Dark,TV,957.26,5570,2016-01-27,2016-02-20
597,Low My,LinkedIn,316.6,1512,2017-10-24,2017-11-13
598,In Operation,LinkedIn,665.47,3247,2015-08-10,2015-09-04
599,Home Another,Rádio,784.08,6463,2017-09-06,2017-09-17
600,Increase Suggest,Rádio,599.01,7335,2024-09-23,2024-10-20
601,Radio Environment,Redes Sociais,608.8,4733,2018-04-22,2018-04-28
602,Picture Analysis,LinkedIn,515.57,3007,2016-01-10,2016-01-12
603,Same Open,Google Ads,247.17,6519,2020-06-28,2020-07-08
604,From None,TV,595.46,9121,2015-09-05,2015-09-20
605,Back Pm,Outros,704.78,6232,2017-09-18,2017-09-25
606,Star Central,SMS,755.6,9287,2015-12-17,2015-12-24
607,Hard Direction,SMS,302.96,1245,2017-07-17,2017-08-04
608,Say Mr,LinkedIn,639.32,8124,2022-08-18,2022-09-15
609,Whether Tell,Telegram,333.46,5275,2017-01-05,2017-01-28
610,Pass Part,Email Marketing,904.06,1763,2024-01-17,2024-02-14
611,Doctor Environment,SMS,926.76,9423,2016-04-20,2016-04-29
612,Center Few,Telegram,558.01,1736,2023-07-11,2023-08-06
613,Such Particular,TV,711.48,5447,2020-09-26,2020-10-09
614,Official Only,LinkedIn,243.5,8802,2022-02-19,2022-03-18
615,Say Management,Email Marketing,451.31,7529,2020-03-14,2020-04-05
616,Of Area,LinkedIn,842.21,3187,2016-05-30,2016-06-27
617,Situation Body,Redes Sociais,884.23,4929,2024-07-02,2024-07-08
618,Level If,Redes Sociais,845.05,5158,2017-06-20,2017-07-01
619,Friend Provide,LinkedIn,428.0,2515,2018-01-15,2018-02-10
620,Make Democrat,Redes Sociais,997.24,5225,2020-09-28,2020-10-07
621,Right Contain,Outros,919.25,9436,2022-05-06,2022-06-03
622,Out Within,SMS,407.41,9146,2014-11-06,2014-11-22
623,Green Or,SMS,741.21,6900,2015-03-25,2015-04-22
624,Him Suddenly,WhatsApp,408.92,5219,2018-11-14,2018-11-26
625,Within Give,WhatsApp,518.67,5611,2023-09-23,2023-10-18
626,Them Those,Redes Sociais,874.91,3882,2024-09-18,2024-09-19
627,Loss Painting,WhatsApp,724.24,7118,2018-01-05,2018-01-11
628,Person Remember,TV,298.74,2348,2021-11-07,2021-11-22
629,When Clear,WhatsApp,390.86,8535,2020-01-23,2020-02-08
630,Instead Important,Outros,728.96,8245,2023-12-07,2024-01-05
631,City Local,Email Marketing,687.81,3843,2014-04-28,2014-05-16
632,Weight Certain,LinkedIn,741.98,4415,2019-12-06,2019-12-16
633,Against Process,TV,497.58,6970,2020-07-21,2020-08-20
634,Eat After,TV,379.88,6909,2014-09-17,2014-09-20
635,Including Mrs,SMS,688.32,1665,2024-11-22,2024-12-05
636,Development Suggest,Outros,716.24,9049,2017-02-02,2017-02-08
637,To Military,Email Marketing,369.58,1790,2020-12-03,2020-12-12
638,Traditional Occur,Redes Sociais,616.63,6820,2017-06-13,2017-06-21
639,White Before,Rádio,353.5,3641,2024-05-12,2024-05-18
640,Risk So,LinkedIn,354.95,3073,2017-09-25,2017-10-12
641,Cup Firm,WhatsApp,409.15,3983,2022-08-05,2022-09-04
642,Save Enjoy,Google Ads,561.96,9347,2019-02-24,2019-03-03
643,Will Wife,Email Marketing,664.09,2865,2023-12-09,2023-12-30
644,Build Who,Outros,419.01,4244,2023-09-22,2023-10-03
645,Fall Affect,Outros,216.04,5517,2020-04-24,2020-05-06
646,Popular Tax,TV,930.37,5609,2022-05-18,2022-06-10
647,Continue How,Rádio,315.21,9194,2014-08-24,2014-09-11
648,Really Left,SMS,753.08,2052,2024-05-04,2024-05-12
649,Bag Hope,Redes Sociais,722.19,3251,2014-09-01,2014-09-22
650,Report Paper,Influenciadores,613.2,5181,2018-06-10,2018-06-28
651,Sort Down,LinkedIn,559.28,2069,2023-01-09,2023-01-24
652,Clear Sign,Influenciadores,928.69,2911,2021-05-29,2021-06-17
653,Whose Choice,Redes Sociais,807.22,5116,2019-06-02,2019-06-24
654,Author Receive,Google Ads,854.8,5235,2017-02-13,2017-03-10
655,Until Career,Telegram,884.16,1165,2018-08-03,2018-08-16
656,Security Thought,SMS,357.78,2549,2016-01-10,2016-01-23
657,True Nearly,Google Ads,748.17,6789,2024-03-12,2024-03-18
658,Story Now,Influenciadores,988.02,3471,2022-08-03,2022-08-07
659,Discover Beat,SMS,713.66,2129,2021-10-14,2021-10-24
660,Meeting Difference,Influenciadores,555.38,9346,2022-06-25,2022-07-25
661,Far Involve,Google Ads,505.87,8038,2021-10-17,2021-11-03
662,Think Sit,Telegram,269.96,6126,2017-03-11,2017-04-09
663,Stage Box,TV,811.17,2588,2019-06-02,2019-06-25
664,Yourself Feel,Outros,754.06,8013,2018-02-28,2018-03-08
665,Maybe Agent,Rádio,396.76,1595,2015-02-14,2015-03-14
666,Huge Too,Influenciadores,742.61,7721,2023-12-06,2023-12-18
667,Community Push,WhatsApp,777.08,2409,2022-04-04,2022-05-04
668,Anyone Discussion,Email Marketing,366.28,7088,2024-05-27,2024-06-04
669,May Seven,Redes Sociais,506.68,2692,2016-10-15,2016-11-12
670,Follow Music,SMS,248.26,1816,2022-05-23,2022-05-30
671,Course Else,SMS,788.54,6987,2023-02-07,2023-03-04
672,Throughout He,WhatsApp,741.55,6818,2023-04-06,2023-04-18
673,According Contain,LinkedIn,882.5,3993,2023-11-01,2023-11-20
674,Cultural Price,SMS,353.04,1048,2018-09-06,2018-09-07
675,Now Behind,Outros,859.72,1632,2016-06-22,2016-06-24
676,Since Personal,TV,944.82,4034,2016-10-27,2016-10-30
677,Story Stock,SMS,942.45,8819,2015-04-16,2015-05-08
678,Lawyer Author,Telegram,816.57,9370,2014-08-24,2014-09-19
679,Direction Feel,WhatsApp,670.9,7372,2014-04-09,2014-05-01
680,Pay Prevent,Outros,312.71,4307,2022-09-25,2022-10-16
681,Again Police,LinkedIn,938.4,6372,2015-03-18,2015-04-09
682,Fly Manage,Email Marketing,769.37,7409,2015-08-10,2015-09-08
683,Although Money,WhatsApp,635.29,1285,2024-10-08,2024-10-09
684,Of Despite,Email Marketing,535.88,1985,2014-06-27,2014-07-05
685,Small Why,Rádio,785.5,4054,2016-10-09,2016-10-16
686,Part Together,LinkedIn,305.27,8685,2024-04-25,2024-05-08
687,Whom Maintain,Redes Sociais,739.92,7059,2014-01-02,2014-01-31
688,Film Agent,LinkedIn,742.94,1939,2023-12-30,2024-01-03
689,Type Inside,SMS,354.4,4152,2016-10-08,2016-10-10
690,By Lose,Google Ads,689.94,1624,2017-08-10,2017-08-19
691,Reflect Size,WhatsApp,382.47,9403,2017-02-25,2017-03-13
692,Common Team,LinkedIn,325.22,7559,2022-03-04,2022-03-30
693,Common Onto,SMS,598.46,7942,2018-11-10,2018-12-06
694,History Store,Google Ads,939.63,6554,2023-09-23,2023-10-09
695,Always Strategy,WhatsApp,602.77,4261,2018-11-28,2018-12-15
696,Item Those,Google Ads,842.02,8732,2023-10-29,2023-11-11
697,Pick Describe,WhatsApp,550.19,4995,2019-11-20,2019-11-23
698,Another Seven,LinkedIn,346.72,3308,2024-04-18,2024-05-01
699,Create Top,Rádio,910.59,8160,2018-01-02,2018-01-13
700,Discuss All,Influenciadores,476.65,4066,2018-07-31,2018-08-25
701,Through Write,Telegram,683.62,9690,2019-12-29,2020-01-28
702,No Own,WhatsApp,397.71,6474,2014-04-26,2014-05-11
703,Scientist Idea,Google Ads,750.64,7730,2018-03-07,2018-04-01
704,Mean On,TV,998.51,7581,2022-06-25,2022-07-25
705,Anything Indeed,Outros,673.45,2809,2020-04-20,2020-04-21
706,Practice Response,Redes Sociais,831.0,8054,2015-03-16,2015-03-30
707,Season Plant,Email Marketing,654.9,5554,2021-03-15,2021-04-04
708,Car Including,Google Ads,634.35,3242,2020-05-20,2020-05-29
709,According Smile,SMS,883.63,5601,2020-08-16,2020-08-18
710,To Figure,WhatsApp,891.7,8822,2019-02-25,2019-03-26
711,Candidate Little,Influenciadores,491.29,8483,2022-07-03,2022-07-13
712,Forward Phone,Outros,899.88,6596,2015-03-12,2015-04-08
713,Usually Woman,Email Marketing,638.84,9928,2023-10-14,2023-10-22
714,Government Together,Redes Sociais,676.01,9276,2021-03-07,2021-03-10
715,Author Up,Influenciadores,410.16,3276,2016-04-21,2016-05-01
716,Government Several,Email Marketing,860.55,7125,2017-07-17,2017-07-23
717,Kitchen Lead,WhatsApp,596.8,7153,2014-08-10,2014-08-28
718,Officer Myself,Google Ads,835.5,1214,2016-07-10,2016-07-11
719,Impact War,Google Ads,309.8,1953,2021-01-15,2021-01-29
720,Few Itself,SMS,609.87,2653,2014-10-05,2014-10-28
721,Turn Establish,Influenciadores,608.08,9982,2019-04-23,2019-05-01
722,Sound Door,Email Marketing,294.73,1372,2021-02-09,2021-02-20
723,Current Party,Email Marketing,511.32,1545,2022-05-25,2022-05-30
724,International Moment,Rádio,943.21,2259,2018-08-06,2018-08-08
725,Government Care,Outros,970.74,1284,2014-07-12,2014-07-31
726,Camera No,Email Marketing,753.05,6718,2014-11-11,2014-11-17
727,Free Report,Rádio,551.77,1476,2021-08-31,2021-09-08
728,Per Color,Email Marketing,476.3,9891,2020-05-26,2020-06-16
729,Health Picture,Outros,933.22,1241,2018-05-12,2018-05-21
730,Goal Today,TV,827.91,3554,2014-07-13,2014-08-02
731,Life Ever,Email Marketing,835.96,3363,2022-08-20,2022-08-31
732,Subject Land,WhatsApp,788.71,9513,2017-08-11,2017-08-21
733,Pass Seem,Telegram,921.28,8197,2022-07-15,2022-08-03
734,Wonder Structure,Google Ads,248.07,7275,2014-10-17,2014-11-03
735,Meeting Shoulder,Influenciadores,415.57,3683,2014-05-02,2014-05-27
736,Single Stop,Rádio,209.63,4218,2015-03-24,2015-04-17
737,Owner Huge,Telegram,507.12,8287,2023-01-31,2023-02-10
738,Debate After,Rádio,952.08,9115,2019-09-03,2019-09-06
739,East Rule,Telegram,529.57,9468,2024-09-01,2024-09-23
740,Sister To,LinkedIn,945.74,8566,2018-06-14,2018-06-22
741,Bed Before,Rádio,824.03,5883,2014-07-24,2014-08-16
742,Star Health,Google Ads,863.56,5195,2019-12-11,2019-12-22
743,Run Major,Rádio,481.99,3295,2020-04-23,2020-05-12
744,Something Future,LinkedIn,694.44,6230,2019-09-14,2019-10-06
745,Language Rate,TV,903.59,2838,2024-03-30,2024-04-23
746,Show Remember,Email Marketing,216.13,4011,2019-07-31,2019-08-01
747,Last Million,Google Ads,743.43,2642,2014-09-10,2014-09-28
748,Fine Expect,Google Ads,583.62,8191,2023-04-26,2023-05-24
749,Wide Dark,Rádio,860.41,7968,2016-11-18,2016-12-17
750,Skin Show,Rádio,950.99,9449,2017-06-17,2017-06-21
751,Trouble Positive,Outros,264.64,2730,2015-04-22,2015-04-25
752,Member Condition,TV,533.3,4877,2024-08-19,2024-09-01
753,We Space,Google Ads,399.86,7215,2018-11-01,2018-11-22
754,Now Finally,Influenciadores,213.36,8580,2015-09-11,2015-09-16
755,Oil Certainly,Redes Sociais,765.19,7409,2016-02-16,2016-03-04
756,Investment Drive,Outros,328.3,9482,2020-01-12,2020-01-26
757,Us Know,LinkedIn,493.22,1405,2023-03-26,2023-03-27
758,Thousand Off,Redes Sociais,874.0,3499,2019-10-04,2019-10-23
759,Energy Republican,Google Ads,258.12,8859,2021-08-22,2021-09-03
760,Energy Throw,Redes Sociais,944.32,9186,2020-05-28,2020-06-09
761,Those Car,LinkedIn,442.85,4697,2016-03-08,2016-04-01
762,Task Amount,Google Ads,420.6,5683,2018-08-21,2018-09-15
763,Hospital Teach,Influenciadores,277.57,7317,2024-08-13,2024-09-02
764,Difference Recently,Telegram,631.01,8852,2022-04-06,2022-04-26
765,No Truth,Rádio,678.58,7781,2024-06-01,2024-06-03
766,Law Recognize,Redes Sociais,632.13,3147,2017-10-11,2017-10-29
767,Short Begin,Influenciadores,799.98,7775,2016-09-07,2016-09-23
768,Party Parent,Influenciadores,939.65,9953,2021-06-28,2021-07-23
769,Population Add,Influenciadores,657.08,8605,2017-01-06,2017-01-18
770,Contain Side,TV,505.28,4923,2023-09-18,2023-10-14
771,Send We,WhatsApp,883.44,7136,2023-07-16,2023-07-23
772,Weight Together,SMS,545.5,3843,2015-01-08,2015-01-12
773,Number Part,Google Ads,237.42,2398,2019-05-04,2019-05-21
774,Call Industry,Telegram,339.19,2326,2023-05-20,2023-06-10
775,No Democratic,Redes Sociais,612.41,5540,2024-10-22,2024-11-03
776,Light Garden,SMS,204.9,7964,2021-01-03,2021-01-17
777,Exactly Word,Rádio,460.7,2126,2023-10-30,2023-11-09
778,Ever Within,Redes Sociais,473.16,5862,2024-01-10,2024-01-15
779,Follow Security,Google Ads,933.9,6802,2021-05-17,2021-05-31
780,Camera Relationship,Google Ads,298.09,4058,2017-11-03,2017-11-25
781,Very Player,WhatsApp,522.23,1119,2017-03-24,2017-04-13
782,Federal Debate,LinkedIn,691.81,9514,2023-09-19,2023-09-20
783,Medical Large,Influenciadores,841.39,9078,2020-05-08,2020-05-20
784,Mrs Country,Rádio,361.95,2951,2024-11-10,2024-12-09
785,Myself Third,LinkedIn,972.52,6498,2015-03-26,2015-04-14
786,Staff Between,Influenciadores,235.04,5794,2024-10-23,2024-10-25
787,Teach Top,WhatsApp,397.48,2082,2019-11-13,2019-11-29
788,International Enough,SMS,664.38,2592,2022-07-12,2022-08-01
789,Source Able,Redes Sociais,691.56,6162,2016-07-24,2016-08-08
790,Force Rate,Influenciadores,214.83,4787,2023-09-13,2023-10-10
791,Born Child,Email Marketing,207.92,9881,2023-01-30,2023-02-17
792,Simple Loss,Telegram,649.79,8564,2024-03-19,2024-04-13
793,Agency Brother,Outros,470.01,1122,2022-07-23,2022-08-09
794,Head Huge,WhatsApp,523.25,5236,2023-05-10,2023-06-07
795,Meeting Letter,WhatsApp,371.81,6507,2014-09-07,2014-10-04
796,They Eight,Telegram,989.2,4796,2020-01-03,2020-01-17
797,Like Five,WhatsApp,594.13,4774,2019-10-27,2019-11-11
798,Song Hospital,Google Ads,793.59,5296,2024-09-30,2024-10-17
799,Eight Enjoy,Google Ads,450.95,8487,2016-10-10,2016-11-05
800,Camera Adult,Telegram,479.66,9774,2021-06-22,2021-07-04
801,Summer Most,Telegram,673.45,2302,2016-02-26,2016-03-12
802,Amount Consider,Google Ads,838.61,1533,2018-12-16,2019-01-15
803,Season Mother,Telegram,211.43,3809,2023-12-26,2024-01-04
804,Will Road,Google Ads,948.37,8516,2017-03-15,2017-03-16
805,Gun I,Google Ads,679.51,3095,2024-05-17,2024-06-05
806,Grow End,Rádio,525.25,6308,2023-04-16,2023-04-28
807,Arrive Small,Google Ads,352.32,7045,2016-08-28,2016-08-29
808,Woman Win,TV,960.67,1940,2024-09-08,2024-09-10
809,Employee Game,SMS,482.07,6670,2017-05-09,2017-06-06
810,Generation Hand,Rádio,653.91,3878,2018-04-03,2018-04-29
811,Several Order,Email Marketing,821.56,2668,2023-04-22,2023-05-10
812,Debate Beautiful,Redes Sociais,509.43,9215,2014-02-19,2014-03-10
813,Simple Sometimes,Google Ads,839.61,2815,2020-01-27,2020-02-02
814,Here Though,Influenciadores,843.21,9451,2022-01-26,2022-02-16
815,Serious Left,Google Ads,790.07,5956,2021-12-17,2022-01-03
816,True At,SMS,447.2,2294,2017-12-22,2018-01-09
817,Wall Though,TV,349.91,8373,2023-11-03,2023-11-25
818,Popular Anything,Email Marketing,882.52,7584,2014-04-07,2014-04-20
819,Actually Network,LinkedIn,647.74,2219,2021-05-05,2021-05-13
820,Strong Raise,Influenciadores,321.05,8097,2021-09-04,2021-09-16
821,Ask Customer,Telegram,235.24,9417,2016-03-10,2016-03-15
822,Blue Hospital,Google Ads,350.07,1162,2022-01-10,2022-01-13
823,Vote Career,Telegram,293.33,6786,2023-01-06,2023-01-10
824,Finish Benefit,TV,801.99,1056,2014-07-08,2014-08-05
825,Animal Animal,Google Ads,498.85,1752,2019-04-12,2019-05-03
826,Case Arm,Influenciadores,857.7,9308,2023-08-03,2023-08-28
827,Nice Stage,Google Ads,687.55,9072,2015-03-24,2015-04-23
828,Federal President,WhatsApp,442.31,2439,2015-04-03,2015-04-05
829,Wonder Campaign,Rádio,976.46,2637,2021-12-31,2022-01-21
830,Against Gas,Influenciadores,869.65,5189,2014-10-21,2014-11-20
831,By Sometimes,Redes Sociais,354.62,9702,2014-04-25,2014-05-23
832,Relationship Item,Telegram,445.13,8918,2019-11-21,2019-12-13
833,Particularly South,Telegram,564.61,7682,2024-01-24,2024-01-26
834,Tv Total,Google Ads,376.57,4714,2020-04-25,2020-05-15
835,Sister Decide,Google Ads,674.49,8600,2024-12-05,2024-12-08
836,Entire Strategy,Google Ads,386.15,8807,2015-07-21,2015-08-11
837,Reach Somebody,Email Marketing,453.65,3503,2019-02-23,2019-02-25
838,Scene Should,Google Ads,338.88,8329,2015-08-31,2015-09-19
839,Believe Fly,Google Ads,378.14,3596,2024-10-17,2024-10-21
840,Table Heart,TV,356.64,4434,2023-07-25,2023-08-18
841,Decision Official,WhatsApp,537.76,6361,2019-01-05,2019-01-30
842,More Develop,Rádio,759.09,9597,2014-02-17,2014-02-24
843,Woman Cost,Telegram,433.87,3749,2023-09-30,2023-10-04
844,Need Result,LinkedIn,707.97,1075,2024-11-12,2024-11-24
845,Some Real,TV,535.81,3971,2024-05-17,2024-05-24
846,Recently Loss,Telegram,706.61,9650,2021-04-02,2021-04-05
847,Popular Since,LinkedIn,438.54,9651,2018-06-28,2018-07-21
848,Pay Administration,Rádio,475.49,4373,2021-05-06,2021-05-28
849,Card Exist,WhatsApp,253.4,6591,2015-02-14,2015-02-18
850,Science Move,Google Ads,966.12,1039,2015-05-25,2015-06-14
851,Civil Fact,Influenciadores,311.37,4726,2022-03-20,2022-04-16
852,Treatment Meeting,WhatsApp,494.87,6707,2018-10-12,2018-10-19
853,Reveal Figure,Google Ads,800.76,6391,2021-01-23,2021-02-12
854,Ready Whether,Outros,654.64,5034,2017-01-10,2017-01-22
855,On Far,Influenciadores,415.31,9855,2020-05-19,2020-06-08
856,Trouble Note,Redes Sociais,200.32,3334,2018-12-27,2019-01-23
857,Position Fine,Telegram,433.13,2592,2024-10-21,2024-10-27
858,Which Happen,Redes Sociais,527.72,3510,2019-06-09,2019-07-06
859,Ago Family,Redes Sociais,336.12,8472,2017-04-24,2017-05-06
860,Six Account,Outros,923.19,2986,2018-06-14,2018-07-10
861,Same Cost,LinkedIn,698.43,5621,2024-02-24,2024-03-15
862,Join Every,LinkedIn,471.77,8337,2023-11-17,2023-12-16
863,Make Question,Influenciadores,288.29,7039,2020-02-12,2020-02-24
864,Within Hand,WhatsApp,429.62,1401,2020-06-15,2020-07-02
865,Information Participant,Email Marketing,731.91,5459,2023-12-30,2024-01-15
866,Interview Light,TV,620.03,5771,2019-11-21,2019-12-08
867,Pay Investment,SMS,796.51,5223,2016-03-10,2016-03-22
868,Serious Bill,Rádio,259.98,8854,2014-04-05,2014-04-06
869,View Know,Email Marketing,862.23,7496,2024-07-29,2024-08-08
870,War Security,Rádio,410.73,6691,2021-03-29,2021-04-25
871,Show Democratic,Email Marketing,837.83,1499,2018-06-16,2018-06-20
872,Way Future,Influenciadores,833.38,4077,2022-08-04,2022-08-17
873,Pay Anyone,Email Marketing,672.51,7787,2020-07-11,2020-07-24
874,Great Girl,SMS,739.78,5360,2021-12-09,2021-12-23
875,Available Position,WhatsApp,902.72,8470,2021-09-23,2021-10-03
876,Pull Mrs,Outros,450.56,6001,2018-07-20,2018-07-27
877,Hope Right,SMS,889.04,9610,2021-09-08,2021-09-30
878,History Focus,Email Marketing,877.21,5771,2018-03-02,2018-03-03
879,Discuss Of,TV,429.87,8511,2020-07-25,2020-08-13
880,Office Rise,Email Marketing,455.47,4933,2022-12-02,2022-12-19
881,Travel Car,Google Ads,286.38,9383,2016-11-19,2016-11-30
882,Themselves Beyond,Outros,274.31,5755,2014-07-09,2014-07-25
883,Worry Computer,Google Ads,801.56,5624,2014-05-11,2014-05-30
884,First However,LinkedIn,430.6,3271,2017-01-16,2017-02-10
885,Account One,Google Ads,414.4,2023,2016-09-19,2016-10-09
886,Network Management,Telegram,328.0,3106,2021-04-24,2021-05-23
887,Treat Office,Redes Sociais,396.56,8296,2018-12-15,2018-12-25
888,Close Unit,Telegram,858.65,2760,2019-04-01,2019-04-30
889,Effect Yes,Google Ads,499.19,4050,2017-09-26,2017-10-14
890,Three Mouth,Telegram,943.78,6225,2015-12-08,2015-12-25
891,House As,WhatsApp,606.1,7528,2023-02-05,2023-02-10
892,Politics Itself,Influenciadores,297.9,5462,2015-01-17,2015-02-03
893,Culture Foreign,Email Marketing,423.29,2980,2024-11-30,2024-12-15
894,Assume Majority,WhatsApp,844.05,6136,2021-12-13,2022-01-02
895,Question Across,LinkedIn,803.21,4379,2020-08-11,2020-08-20
896,Example Behavior,Google Ads,428.05,8179,2014-09-08,2014-10-01
897,Series Ready,Outros,772.96,2902,2022-12-11,2022-12-31
898,Help Thing,SMS,436.56,1713,2019-06-28,2019-07-01
899,Gas Back,Influenciadores,321.6,8505,2015-06-06,2015-06-15
900,Between Hospital,SMS,744.94,9101,2018-06-27,2018-07-05
901,Improve South,SMS,323.33,2015,2014-09-02,2014-09-04
902,Common Poor,TV,320.56,10000,2017-11-23,2017-12-08
903,Pull Manager,Google Ads,280.84,9269,2022-12-06,2022-12-27
904,Where Itself,Email Marketing,927.32,3083,2014-04-10,2014-05-06
905,Choice Meeting,LinkedIn,848.77,3298,2021-05-02,2021-05-26
906,Like Statement,WhatsApp,817.39,9192,2021-01-21,2021-02-20
907,Name Drop,SMS,333.38,8918,2015-12-08,2015-12-17
908,Scene Program,Rádio,755.21,6882,2023-03-20,2023-04-11
909,Sometimes Tax,WhatsApp,363.38,5439,2016-04-01,2016-04-29
910,Control By,LinkedIn,249.47,7950,2022-07-24,2022-08-03
911,Itself Many,Influenciadores,799.9,2294,2014-08-16,2014-09-15
912,College Hundred,Influenciadores,784.3,7400,2023-10-24,2023-11-05
913,Particularly Various,Email Marketing,381.99,2589,2019-10-21,2019-11-05
914,Must Better,WhatsApp,623.34,6516,2022-05-20,2022-06-16
915,Reason Our,Telegram,391.96,9195,2015-01-28,2015-02-04
916,Free Heart,Redes Sociais,519.97,7208,2019-07-26,2019-08-15
917,Pull Subject,Outros,293.61,3739,2019-06-26,2019-07-10
918,Year Movement,WhatsApp,642.88,3296,2020-09-06,2020-09-14
919,Good Population,WhatsApp,740.95,9572,2022-05-01,2022-05-17
920,Get Five,SMS,225.86,2303,2022-11-12,2022-12-06
921,Wide Production,Telegram,985.95,6369,2023-07-04,2023-07-18
922,Game Arrive,Outros,312.92,2428,2014-05-30,2014-06-28
923,Listen Democrat,Influenciadores,522.79,6148,2018-04-06,2018-05-05
924,Interest Lose,Email Marketing,663.78,2014,2014-06-23,2014-07-07
925,Ahead Effort,LinkedIn,799.31,5758,2017-06-17,2017-07-09
926,Trouble Remember,SMS,676.02,2928,2018-02-13,2018-02-27
927,Network Power,LinkedIn,970.25,7096,2021-10-19,2021-11-09
928,Field News,LinkedIn,432.34,2713,2019-11-06,2019-11-18
929,Agent Dinner,Email Marketing,384.68,7779,2020-04-01,2020-04-24
930,Program Dark,LinkedIn,930.68,7543,2022-04-17,2022-05-13
931,Yeah Force,WhatsApp,560.78,8214,2017-11-08,2017-11-21
932,Blue Would,TV,818.96,7321,2019-05-07,2019-05-14
933,Nature Way,WhatsApp,297.58,1273,2022-12-01,2022-12-22
934,Detail Also,Telegram,545.6,6613,2016-12-07,2016-12-31
935,Another Pass,Rádio,997.2,2970,2019-02-17,2019-03-03
936,Stock Base,Outros,952.59,4821,2022-05-16,2022-06-08
937,Clearly Her,Email Marketing,513.66,9635,2021-03-30,2021-04-04
938,Nice Business,WhatsApp,896.24,9922,2024-08-28,2024-09-24
939,Clearly Forward,Telegram,556.04,7118,2019-05-28,2019-06-01
940,Herself Town,Influenciadores,964.69,5141,2023-06-13,2023-07-02
941,Speech Prevent,Email Marketing,770.63,1500,2021-01-11,2021-01-12
942,Just Still,Telegram,862.85,3299,2014-03-27,2014-04-06
943,Court Research,Outros,821.24,3160,2019-10-31,2019-11-21
944,Reality Building,TV,892.19,9224,2019-01-21,2019-02-16
945,Become Avoid,TV,763.39,2071,2018-07-22,2018-08-17
946,Notice Order,TV,311.25,1049,2016-11-18,2016-12-08
947,Exactly Develop,Influenciadores,876.41,3509,2021-10-19,2021-11-15
948,Reveal Among,Influenciadores,887.09,9805,2015-01-27,2015-02-12
949,Play Face,WhatsApp,201.3,2891,2018-07-12,2018-07-31
950,National Perhaps,Google Ads,650.07,4191,2014-07-03,2014-07-27
951,Again Hotel,LinkedIn,548.69,7525,2021-01-08,2021-01-31
952,Wait Owner,Influenciadores,577.82,6390,2021-09-27,2021-10-02
953,Allow Very,Email Marketing,468.87,7330,2022-01-15,2022-02-07
954,Heart Economic,Influenciadores,756.21,4687,2019-04-01,2019-04-13
955,Myself Include,Rádio,871.24,1743,2016-03-19,2016-03-22
956,Evening Agency,TV,200.99,1005,2024-02-20,2024-03-13
957,Machine Three,WhatsApp,230.39,5451,2018-05-07,2018-06-03
958,Develop Give,Outros,466.04,2087,2022-11-03,2022-11-23
959,Also Under,Telegram,662.27,5067,2017-09-07,2017-09-21
960,Win Too,SMS,208.26,3696,2024-10-17,2024-10-19
961,Road Wish,Google Ads,844.97,8548,2017-04-08,2017-05-06
962,The Too,WhatsApp,423.89,2153,2022-12-04,2022-12-13
963,Cut Where,Rádio,561.94,2995,2024-04-10,2024-04-23
964,Energy Allow,Google Ads,832.06,9933,2023-06-11,2023-06-29
965,Later Here,WhatsApp,983.39,1002,2022-06-24,2022-07-04
966,Draw Can,Rádio,609.23,6025,2024-10-25,2024-11-21
967,Such See,Google Ads,923.54,1563,2022-02-18,2022-02-22
968,Many Entire,TV,683.7,9115,2015-01-15,2015-02-08
969,Force Capital,Email Marketing,286.75,7011,2018-07-29,2018-08-15
970,Top Collection,Rádio,338.73,2021,2021-03-11,2021-03-16
971,Require Weight,Rádio,505.95,8944,2015-10-06,2015-10-26
972,Read Support,Outros,695.41,4994,2014-12-11,2015-01-02
973,Popular History,Telegram,226.23,7385,2020-01-05,2020-01-11
974,Education Conference,WhatsApp,255.48,9612,2024-12-22,2025-01-21
975,Lawyer Light,Google Ads,217.94,6069,2016-07-30,2016-08-26
976,Type Carry,Influenciadores,797.33,7085,2019-06-15,2019-07-12
977,Require Hair,Rádio,496.45,2247,2019-01-14,2019-02-06
978,Smile Those,Google Ads,898.57,2161,2015-03-16,2015-04-15
979,Develop While,SMS,317.52,5584,2015-02-20,2015-03-16
980,Guy Member,Rádio,372.77,4813,2021-09-16,2021-10-04
981,Set Left,LinkedIn,637.34,1722,2021-06-08,2021-06-30
982,Clear Read,Outros,213.71,7561,2020-02-25,2020-03-11
983,Eat Dark,SMS,391.42,7191,2014-01-12,2014-01-29
984,Behavior Child,LinkedIn,896.76,9397,2023-09-13,2023-10-11
985,Smile Become,LinkedIn,207.36,4867,2015-11-27,2015-12-27
986,Organization Throw,Email Marketing,427.5,7344,2015-02-27,2015-03-05
987,Civil Guess,LinkedIn,769.08,2229,2019-04-30,2019-05-12
988,Term Put,SMS,728.78,5414,2016-06-16,2016-07-02
989,Business Ability,Google Ads,848.31,3925,2014-04-01,2014-04-09
990,Machine Commercial,Influenciadores,773.15,5332,2017-05-29,2017-05-31
991,Computer Behind,Google Ads,362.01,2239,2020-09-24,2020-10-24
992,Cold Pass,Influenciadores,982.46,7559,2017-10-05,2017-11-01
993,Law Heavy,SMS,876.36,3263,2022-01-12,2022-01-18
994,Human Remember,TV,525.7,1264,2018-11-06,2018-11-24
995,Free Event,Google Ads,682.18,5046,2018-03-06,2018-03-23
996,Community Sure,Outros,649.68,8749,2015-02-04,2015-02-10
997,Suddenly Build,Outros,743.73,5583,2022-09-14,2022-10-02
998,Behind Vote,Google Ads,950.86,2151,2018-03-11,2018-03-15
999,World Rest,TV,829.35,6422,2014-03-12,2014-04-08
1000,Able Class,Redes Sociais,207.15,4841,2014-08-27,2014-08-31
